,reaction,correct_reaction,test_reaction,transformation_score,whole_mol_score
0,0.0,52.0,59.0,0.0,0.081963592225226
1,0.0,52.0,23.0,0.0,0.17285867198012295
2,0.0,52.0,58.0,0.04,0.12474602151690778
3,0.0,52.0,13.0,0.05357142857142857,0.06907830501855106
4,0.0,52.0,80.0,0.0625,0.06735183965099856
5,0.0,52.0,98.0,0.01764705882352941,0.04958554375173613
6,0.0,52.0,62.0,0.0,0.17335780179972762
7,0.0,52.0,84.0,0.023809523809523808,0.24953511212148405
8,0.0,52.0,55.0,0.0,0.07640083203358972
9,0.0,52.0,75.0,0.046875,0.14602771222698888
10,0.0,52.0,57.0,0.0896551724137931,0.13129490667467805
11,0.0,52.0,16.0,0.02054794520547945,0.10388256954109185
12,0.0,52.0,53.0,0.0,0.21590635630499944
13,0.0,52.0,77.0,0.0,0.21590635630499944
14,0.0,52.0,39.0,0.0,0.184197342393645
15,0.0,52.0,99.0,0.0,0.10736773623922488
16,0.0,52.0,17.0,0.0,0.13428238016322322
17,0.0,52.0,28.0,0.021739130434782608,0.16430198132685667
18,0.0,52.0,31.0,0.0425531914893617,0.12495017919439902
19,0.0,52.0,88.0,0.0297029702970297,0.1951060031645977
20,0.0,52.0,78.0,0.011904761904761904,0.09143160127345273
21,0.0,52.0,38.0,0.023076923076923078,0.10338511519008628
22,0.0,52.0,15.0,0.013333333333333334,0.14691567181436282
23,0.0,52.0,34.0,0.0,0.15431136094315318
24,0.0,52.0,86.0,0.0,0.15431136094315318
25,0.0,52.0,67.0,0.03409090909090909,0.21068835748372605
26,0.0,52.0,87.0,0.012195121951219513,0.12075174508951489
27,0.0,52.0,50.0,0.08095238095238096,0.18826129111860757
28,0.0,52.0,37.0,0.0,0.24211665381679312
29,0.0,52.0,11.0,0.02702702702702703,0.8247589583229377
30,0.0,52.0,68.0,0.0,0.19610124391436426
31,0.0,52.0,65.0,0.023809523809523808,0.201864813816707
32,0.0,52.0,47.0,0.04081632653061224,0.06322751322751322
33,0.0,52.0,97.0,0.011904761904761904,0.13495523938387421
34,0.0,52.0,3.0,0.023809523809523808,0.17862360787855008
35,0.0,52.0,64.0,0.018072289156626505,0.14853886331971589
36,0.0,52.0,40.0,0.0,0.20529317921859008
37,0.0,52.0,82.0,0.02564102564102564,0.23255997474747475
38,0.0,52.0,83.0,0.03614457831325301,0.3028202289297175
39,0.0,52.0,73.0,0.02914614121510673,0.36150361066428094
40,0.0,52.0,52.0,0.288135593220339,0.7468619246861925
41,0.0,52.0,36.0,0.0,0.4006893659802088
42,0.0,52.0,4.0,0.22631578947368422,0.29429713804713803
43,0.0,52.0,43.0,0.044444444444444446,0.3709426190676991
44,0.0,52.0,96.0,0.3615591397849462,0.35731904728615255
45,0.0,52.0,51.0,0.023076923076923078,0.2665475885116432
46,0.0,52.0,10.0,0.74,0.33225965254030937
47,0.0,52.0,32.0,0.02127659574468085,0.08692099287053384
48,0.0,52.0,12.0,0.044444444444444446,0.12594670119651885
49,0.0,52.0,35.0,0.6666666666666666,0.5
50,0.0,52.0,54.0,0.02702702702702703,0.09972527472527473
51,0.0,52.0,8.0,0.09523809523809523,0.15305759754163153
52,0.0,52.0,19.0,0.023809523809523808,0.15544635042153424
53,0.0,52.0,18.0,0.02040816326530612,0.10453755883856276
54,0.0,52.0,69.0,0.012195121951219513,0.16212254477065843
55,0.0,52.0,94.0,0.02127659574468085,0.09665237207711336
56,1.0,62.0,59.0,0.0,0.13545163111508327
57,1.0,62.0,23.0,1.0,0.7535837660332443
58,1.0,62.0,58.0,0.0,0.11922528726619802
59,1.0,62.0,13.0,0.0,0.06357218746310943
60,1.0,62.0,80.0,0.0,0.1928776447433164
61,1.0,62.0,98.0,0.16091954022988506,0.17400852037774317
62,1.0,62.0,62.0,1.0,0.9089304340611146
63,1.0,62.0,84.0,0.0,0.09000449458324224
64,1.0,62.0,55.0,0.0,0.14264051650552687
65,1.0,62.0,75.0,0.0,0.38333926866027357
66,1.0,62.0,57.0,0.2857142857142857,0.8991578014184397
67,1.0,62.0,16.0,0.0,0.35205488220890113
68,1.0,62.0,53.0,0.75,0.6387992777875797
69,1.0,62.0,77.0,0.75,0.6387992777875797
70,1.0,62.0,39.0,0.75,0.5355126591305214
71,1.0,62.0,99.0,0.0,0.08477882318003266
72,1.0,62.0,17.0,0.0,0.3353680268312588
73,1.0,62.0,28.0,0.007142857142857143,0.15666114964806876
74,1.0,62.0,31.0,0.0,0.23278073650711179
75,1.0,62.0,88.0,0.0,0.5310196706978044
76,1.0,62.0,78.0,0.0,0.2209586765843805
77,1.0,62.0,38.0,0.0,0.2517190926915191
78,1.0,62.0,15.0,0.0,0.37226692920340004
79,1.0,62.0,34.0,0.0,0.3704323242827409
80,1.0,62.0,86.0,0.0,0.3704323242827409
81,1.0,62.0,67.0,0.0,0.31907940017824676
82,1.0,62.0,87.0,0.0,0.2580665451072026
83,1.0,62.0,50.0,0.0,0.4201664521122991
84,1.0,62.0,37.0,0.0,0.5120665467763276
85,1.0,62.0,11.0,0.0,0.2102986279430509
86,1.0,62.0,68.0,0.0,0.39627381507407955
87,1.0,62.0,65.0,0.0,0.4679243739224453
88,1.0,62.0,47.0,0.0,0.043675582927352394
89,1.0,62.0,97.0,0.0,0.2471465688243097
90,1.0,62.0,3.0,0.0,0.3684725473505901
91,1.0,62.0,64.0,0.0,0.24016053406866067
92,1.0,62.0,40.0,0.0,0.05076241833202576
93,1.0,62.0,82.0,0.0,0.058067151252940416
94,1.0,62.0,83.0,0.0,0.09107976240984303
95,1.0,62.0,73.0,0.0,0.24344085994700465
96,1.0,62.0,52.0,0.0,0.17777777777777778
97,1.0,62.0,36.0,0.0,0.14104943664590475
98,1.0,62.0,4.0,0.0,0.02699201545795875
99,1.0,62.0,43.0,0.0,0.16637802505500102
100,1.0,62.0,96.0,0.0032679738562091504,0.12522187364852208
101,1.0,62.0,51.0,0.0,0.22302389397568484
102,1.0,62.0,10.0,0.0,0.019138815574192773
103,1.0,62.0,32.0,0.0,0.14437999713956043
104,1.0,62.0,12.0,0.0,0.08968784076990768
105,1.0,62.0,35.0,0.0,0.0006934812760055479
106,1.0,62.0,54.0,0.0,0.14123003481674853
107,1.0,62.0,8.0,0.0,0.31329199755845727
108,1.0,62.0,19.0,0.0,0.33844654675984237
109,1.0,62.0,18.0,0.0,0.22761618574188963
110,1.0,62.0,69.0,0.0,0.23635072199306978
111,1.0,62.0,94.0,0.0,0.2395177425167782
112,2.0,62.0,59.0,0.0,0.14484164461743404
113,2.0,62.0,23.0,1.0,0.7393412631363416
114,2.0,62.0,58.0,0.0,0.1225427541299975
115,2.0,62.0,13.0,0.0,0.06281358580361317
116,2.0,62.0,80.0,0.0,0.1652505597069171
117,2.0,62.0,98.0,0.16091954022988506,0.16582636611112495
118,2.0,62.0,62.0,1.0,0.7590910911556332
119,2.0,62.0,84.0,0.0,0.09056861967329424
120,2.0,62.0,55.0,0.0,0.1455858828971101
121,2.0,62.0,75.0,0.0,0.39847703051153016
122,2.0,62.0,57.0,0.2857142857142857,0.8676229508196721
123,2.0,62.0,16.0,0.0,0.35383479020670683
124,2.0,62.0,53.0,0.75,0.6263837231797438
125,2.0,62.0,77.0,0.75,0.6263837231797438
126,2.0,62.0,39.0,0.75,0.5243690122372514
127,2.0,62.0,99.0,0.0,0.08330064426236196
128,2.0,62.0,17.0,0.0,0.2917277533576025
129,2.0,62.0,28.0,0.007142857142857143,0.17632900326324072
130,2.0,62.0,31.0,0.0,0.21026009613224925
131,2.0,62.0,88.0,0.0,0.4828647500266474
132,2.0,62.0,78.0,0.0,0.23746374226376055
133,2.0,62.0,38.0,0.0,0.2628676061739047
134,2.0,62.0,15.0,0.0,0.3881994031810659
135,2.0,62.0,34.0,0.0,0.3857170261127224
136,2.0,62.0,86.0,0.0,0.3857170261127224
137,2.0,62.0,67.0,0.0,0.31013927784033746
138,2.0,62.0,87.0,0.0,0.25400595580198126
139,2.0,62.0,50.0,0.0,0.30156801319410864
140,2.0,62.0,37.0,0.0,0.503945368165885
141,2.0,62.0,11.0,0.0,0.2014383253444853
142,2.0,62.0,68.0,0.0,0.3862804075687848
143,2.0,62.0,65.0,0.0,0.4973553006349787
144,2.0,62.0,47.0,0.0,0.040408949518925034
145,2.0,62.0,97.0,0.0,0.2592057376858309
146,2.0,62.0,3.0,0.0,0.3901235156203767
147,2.0,62.0,64.0,0.0,0.2548759974249274
148,2.0,62.0,40.0,0.0,0.044110846123141936
149,2.0,62.0,82.0,0.0,0.04708412584518779
150,2.0,62.0,83.0,0.0,0.1030600721637765
151,2.0,62.0,73.0,0.0,0.2581563233032713
152,2.0,62.0,52.0,0.0,0.1731311752863477
153,2.0,62.0,36.0,0.0,0.16035932811557416
154,2.0,62.0,4.0,0.0,0.026492645699648792
155,2.0,62.0,43.0,0.0,0.17703184702211938
156,2.0,62.0,96.0,0.0032679738562091504,0.12002237326314544
157,2.0,62.0,51.0,0.0,0.23952895965506488
158,2.0,62.0,10.0,0.0,0.015242946863145264
159,2.0,62.0,32.0,0.0,0.1757229217929997
160,2.0,62.0,12.0,0.0,0.09118475200346546
161,2.0,62.0,35.0,0.0,0.0009619865973457134
162,2.0,62.0,54.0,0.0,0.14135421062466014
163,2.0,62.0,8.0,0.0,0.3039930695523714
164,2.0,62.0,19.0,0.0,0.3617670227138668
165,2.0,62.0,18.0,0.0,0.2441212514212697
166,2.0,62.0,69.0,0.0,0.2510661853493365
167,2.0,62.0,94.0,0.0,0.2542332058730449
168,3.0,32.0,59.0,0.0,0.2015915119363395
169,3.0,32.0,23.0,0.0,0.2100877526125107
170,3.0,32.0,58.0,0.10714285714285714,0.13690275574940525
171,3.0,32.0,13.0,0.34210526315789475,0.1491229427849146
172,3.0,32.0,80.0,0.4,0.17083621255882867
173,3.0,32.0,98.0,0.12121212121212122,0.074758944531592
174,3.0,32.0,62.0,0.0,0.19891467420057
175,3.0,32.0,84.0,0.24181818181818182,0.09862308248628937
176,3.0,32.0,55.0,0.4,0.27893099547511313
177,3.0,32.0,75.0,0.35555555555555557,0.20035151536217527
178,3.0,32.0,57.0,0.1732283464566929,0.16231060606060607
179,3.0,32.0,16.0,0.3602693602693603,0.2560842669549962
180,3.0,32.0,53.0,0.0,0.2680784398615702
181,3.0,32.0,77.0,0.0,0.2680784398615702
182,3.0,32.0,39.0,0.0,0.2826516123956366
183,3.0,32.0,99.0,0.32142857142857145,0.14634908727181795
184,3.0,32.0,17.0,0.17795566502463056,0.2029167382544401
185,3.0,32.0,28.0,0.15126050420168066,0.11079054257242207
186,3.0,32.0,31.0,0.2894736842105263,0.28680816566438483
187,3.0,32.0,88.0,0.3373493975903614,0.29009680564904716
188,3.0,32.0,78.0,0.032407407407407406,0.134814676684786
189,3.0,32.0,38.0,0.15217391304347827,0.17374575032740783
190,3.0,32.0,15.0,0.10714285714285714,0.20463432013098964
191,3.0,32.0,34.0,0.16,0.17349032470615594
192,3.0,32.0,86.0,0.16,0.17349032470615594
193,3.0,32.0,67.0,0.10545454545454545,0.22716815025851914
194,3.0,32.0,87.0,0.0,0.14679923438318332
195,3.0,32.0,50.0,0.022902603664416585,0.21309348081597568
196,3.0,32.0,37.0,0.0,0.2674895654661762
197,3.0,32.0,11.0,0.1111111111111111,0.09800099337139213
198,3.0,32.0,68.0,0.0,0.26688982392553784
199,3.0,32.0,65.0,0.06481481481481481,0.23878285139726788
200,3.0,32.0,47.0,0.13333333333333333,0.1001189787124574
201,3.0,32.0,97.0,0.06812169312169311,0.19563827257901317
202,3.0,32.0,3.0,0.06481481481481481,0.21545749942489073
203,3.0,32.0,64.0,0.10271990740740741,0.17345411272556582
204,3.0,32.0,40.0,0.0,0.021890736070644498
205,3.0,32.0,82.0,0.25,0.03289108910891089
206,3.0,32.0,83.0,0.26153846153846155,0.05928976075438414
207,3.0,32.0,73.0,0.11691444966092854,0.1550737265667167
208,3.0,32.0,52.0,0.12,0.11252795435920329
209,3.0,32.0,36.0,0.2857142857142857,0.07556650074931064
210,3.0,32.0,4.0,0.21052631578947367,0.04482155041611782
211,3.0,32.0,43.0,0.6666666666666666,0.18501234401464461
212,3.0,32.0,96.0,0.0662593984962406,0.06712972087816038
213,3.0,32.0,51.0,0.21485384768343607,0.1486740023055896
214,3.0,32.0,10.0,0.0,0.012046326993543884
215,3.0,32.0,32.0,0.9838709677419355,0.9524076147816349
216,3.0,32.0,12.0,0.5384615384615384,0.16627710038306065
217,3.0,32.0,35.0,0.0,0.002320185614849188
218,3.0,32.0,54.0,0.3333333333333333,0.22962715050700694
219,3.0,32.0,8.0,0.032407407407407406,0.2375206325838095
220,3.0,32.0,19.0,0.06481481481481481,0.1911084975235611
221,3.0,32.0,18.0,0.5072354537232439,0.557649016898037
222,3.0,32.0,69.0,0.14604377104377103,0.14353434673063412
223,3.0,32.0,94.0,0.3181216931216931,0.22490860305505614
224,4.0,3.0,59.0,0.0,0.09431721458390699
225,4.0,3.0,23.0,0.0,0.578662237625983
226,4.0,3.0,58.0,0.2857142857142857,0.13254005866656637
227,4.0,3.0,13.0,0.18803418803418803,0.07414777121494542
228,4.0,3.0,80.0,0.12121212121212122,0.08697814516238114
229,4.0,3.0,98.0,0.10053534876397417,0.08333542413718907
230,4.0,3.0,62.0,0.0,0.3957090338183667
231,4.0,3.0,84.0,0.24398204814361485,0.13118190326267976
232,4.0,3.0,55.0,0.020202020202020204,0.17280332401937562
233,4.0,3.0,75.0,0.3130434782608696,0.670835581904514
234,4.0,3.0,57.0,0.35436893203883496,0.33425857093754746
235,4.0,3.0,16.0,0.15194660734149054,0.42647287920881466
236,4.0,3.0,53.0,0.0,0.7626825043571371
237,4.0,3.0,77.0,0.0,0.7626825043571371
238,4.0,3.0,39.0,0.0,0.6061034739162559
239,4.0,3.0,99.0,0.1388888888888889,0.11500842188038503
240,4.0,3.0,17.0,0.10005668934240364,0.3529487782490077
241,4.0,3.0,28.0,0.2328042328042328,0.24612296649656634
242,4.0,3.0,31.0,0.2482758620689655,0.41703499854759785
243,4.0,3.0,88.0,0.19736842105263158,0.5622378918372187
244,4.0,3.0,78.0,0.5170197449609214,0.558764621328128
245,4.0,3.0,38.0,0.23996265172735762,0.4787645295202784
246,4.0,3.0,15.0,0.6666666666666666,0.6863067550742642
247,4.0,3.0,34.0,0.23157894736842105,0.6698148089419658
248,4.0,3.0,86.0,0.23157894736842105,0.6698148089419658
249,4.0,3.0,67.0,0.02857142857142857,0.5063643725576075
250,4.0,3.0,87.0,0.0934640522875817,0.4018970377677631
251,4.0,3.0,50.0,0.1318407960199005,0.3848196074947877
252,4.0,3.0,37.0,0.08888888888888889,0.6560062699264196
253,4.0,3.0,11.0,0.0,0.17595922927519536
254,4.0,3.0,68.0,0.08888888888888889,0.6389940189237071
255,4.0,3.0,65.0,0.8609625668449198,0.9069861083148782
256,4.0,3.0,47.0,0.2,0.08817776637701608
257,4.0,3.0,97.0,0.5019098548510313,0.9219324276846403
258,4.0,3.0,3.0,0.8609625668449198,0.9512594270155763
259,4.0,3.0,64.0,0.5573469550642509,0.5533539042799386
260,4.0,3.0,40.0,0.0,0.03574089343119658
261,4.0,3.0,82.0,0.0,0.04207294180745508
262,4.0,3.0,83.0,0.1791044776119403,0.1600633432068771
263,4.0,3.0,73.0,0.7141692266848713,0.631828606565084
264,4.0,3.0,52.0,0.3128491620111732,0.15233301783425135
265,4.0,3.0,36.0,0.09900990099009901,0.21982568934396718
266,4.0,3.0,4.0,0.10882126348228044,0.05293712905337411
267,4.0,3.0,43.0,0.03773584905660377,0.1756037710184368
268,4.0,3.0,96.0,0.17436375603334794,0.11750501838017716
269,4.0,3.0,51.0,0.5339295592845289,0.5967891323091163
270,4.0,3.0,10.0,0.0,0.015058281095450342
271,4.0,3.0,32.0,0.04424860853432282,0.2122699681293358
272,4.0,3.0,12.0,0.0625,0.1263668205338987
273,4.0,3.0,35.0,0.0,0.000758150113722517
274,4.0,3.0,54.0,0.030612244897959183,0.1385372308811087
275,4.0,3.0,8.0,0.4304812834224599,0.7220572535258951
276,4.0,3.0,19.0,0.8609625668449198,0.7299090588868103
277,4.0,3.0,18.0,0.4304812834224599,0.57927536707552
278,4.0,3.0,69.0,0.4413508486398512,0.49744010343224915
279,4.0,3.0,94.0,0.46109352832041905,0.5100671496793413
280,5.0,4.0,59.0,0.0,0.04019424838126349
281,5.0,4.0,23.0,0.0,0.0302000702000702
282,5.0,4.0,58.0,0.3939393939393939,0.27947202614998345
283,5.0,4.0,13.0,0.3617021276595745,0.21137566137566138
284,5.0,4.0,80.0,0.3333333333333333,0.1706713266346294
285,5.0,4.0,98.0,0.5930451127819549,0.21951030108645397
286,5.0,4.0,62.0,0.0,0.03826408879147791
287,5.0,4.0,84.0,0.3333333333333333,0.18186393613328705
288,5.0,4.0,55.0,0.0,0.10290552888484883
289,5.0,4.0,75.0,0.38181818181818183,0.08091422714414649
290,5.0,4.0,57.0,0.09558823529411764,0.033658260930988206
291,5.0,4.0,16.0,0.1484375,0.048606933271611856
292,5.0,4.0,53.0,0.0,0.03770379660243986
293,5.0,4.0,77.0,0.0,0.03770379660243986
294,5.0,4.0,39.0,0.0,0.052860680997868725
295,5.0,4.0,99.0,0.5526315789473685,0.371665582303188
296,5.0,4.0,17.0,0.33187134502923976,0.17642900588765337
297,5.0,4.0,28.0,0.3023255813953488,0.08017656500802568
298,5.0,4.0,31.0,0.15294117647058825,0.24667805145592342
299,5.0,4.0,88.0,0.25,0.04179256737678697
300,5.0,4.0,78.0,0.10256410256410256,0.013474096470231069
301,5.0,4.0,38.0,0.22402597402597402,0.1383539436836439
302,5.0,4.0,15.0,0.18181818181818182,0.052568339336027295
303,5.0,4.0,34.0,0.17142857142857143,0.028139230937001377
304,5.0,4.0,86.0,0.17142857142857143,0.028139230937001377
305,5.0,4.0,67.0,0.07142857142857142,0.030626029191039926
306,5.0,4.0,87.0,0.0,0.030574896164803772
307,5.0,4.0,50.0,0.045454545454545456,0.029800349762997044
308,5.0,4.0,37.0,0.0,0.06006519363112598
309,5.0,4.0,11.0,0.07142857142857142,0.05368547190108529
310,5.0,4.0,68.0,0.0,0.1900421504532557
311,5.0,4.0,65.0,0.20512820512820512,0.028301651449383826
312,5.0,4.0,47.0,0.325,0.23876909254267742
313,5.0,4.0,97.0,0.13157894736842105,0.016779504051744158
314,5.0,4.0,3.0,0.20512820512820512,0.024509169444948936
315,5.0,4.0,64.0,0.10256410256410256,0.09039715018868119
316,5.0,4.0,40.0,0.0,0.021682665160926033
317,5.0,4.0,82.0,0.13333333333333333,0.040264293419633224
318,5.0,4.0,83.0,0.20270270270270271,0.2594810799053636
319,5.0,4.0,73.0,0.12345679012345678,0.28420515697016235
320,5.0,4.0,52.0,0.22018348623853212,0.5193850267379679
321,5.0,4.0,36.0,0.1935483870967742,0.26497153575056465
322,5.0,4.0,4.0,1.0,1.0
323,5.0,4.0,43.0,0.19444444444444445,0.30603176765011325
324,5.0,4.0,96.0,0.4248826291079812,0.4027904106029106
325,5.0,4.0,51.0,0.1875,0.2639401057363341
326,5.0,4.0,10.0,0.2,0.2609929078014185
327,5.0,4.0,32.0,0.21052631578947367,0.0442441832105751
328,5.0,4.0,12.0,0.3611111111111111,0.1887153715709226
329,5.0,4.0,35.0,0.3333333333333333,0.5
330,5.0,4.0,54.0,0.17857142857142858,0.18735460285809238
331,5.0,4.0,8.0,0.10256410256410256,0.021912676666727665
332,5.0,4.0,19.0,0.20512820512820512,0.08079726271749854
333,5.0,4.0,18.0,0.10256410256410256,0.040418558070185656
334,5.0,4.0,69.0,0.1858974358974359,0.01958081248793444
335,5.0,4.0,94.0,0.17105263157894737,0.11449394305739445
336,6.0,8.0,59.0,0.0,0.1269686250276988
337,6.0,8.0,23.0,0.0,0.6407197373137244
338,6.0,8.0,58.0,0.125,0.11220361683445959
339,6.0,8.0,13.0,0.18803418803418803,0.048442258140079644
340,6.0,8.0,80.0,0.11009174311926606,0.12651126142569827
341,6.0,8.0,98.0,0.08904109589041095,0.08753837955219951
342,6.0,8.0,62.0,0.0,0.4560546395304508
343,6.0,8.0,84.0,0.12903225806451613,0.09650051462670146
344,6.0,8.0,55.0,0.020202020202020204,0.12852414441840576
345,6.0,8.0,75.0,0.136,0.5881512849196083
346,6.0,8.0,57.0,0.35436893203883496,0.3642768230539623
347,6.0,8.0,16.0,0.06716417910447761,0.4624924380490757
348,6.0,8.0,53.0,0.0,0.824731030095091
349,6.0,8.0,77.0,0.0,0.824731030095091
350,6.0,8.0,39.0,0.0,0.6495034658152787
351,6.0,8.0,99.0,0.1388888888888889,0.06674998347225118
352,6.0,8.0,17.0,0.06944444444444445,0.33574390310157676
353,6.0,8.0,28.0,0.22110552763819097,0.24957987548187652
354,6.0,8.0,31.0,0.11612903225806452,0.28390031627178314
355,6.0,8.0,88.0,0.12345679012345678,0.6043536371086144
356,6.0,8.0,78.0,0.4304812834224599,0.501729878434084
357,6.0,8.0,38.0,0.07589285714285714,0.4201564270772857
358,6.0,8.0,15.0,0.125,0.603773587432567
359,6.0,8.0,34.0,0.047619047619047616,0.5783832286935976
360,6.0,8.0,86.0,0.047619047619047616,0.5783832286935976
361,6.0,8.0,67.0,0.02857142857142857,0.5297257191830507
362,6.0,8.0,87.0,0.049019607843137254,0.45755500220244566
363,6.0,8.0,50.0,0.1318407960199005,0.45565921990189034
364,6.0,8.0,37.0,0.01,0.7715077369570937
365,6.0,8.0,11.0,0.0,0.20832289673882134
366,6.0,8.0,68.0,0.01,0.7467656071791244
367,6.0,8.0,65.0,0.8609625668449198,0.9609442060085838
368,6.0,8.0,47.0,0.2,0.03271995084043697
369,6.0,8.0,97.0,0.4304812834224599,0.7821465500813766
370,6.0,8.0,3.0,0.8609625668449198,0.8522793655235601
371,6.0,8.0,64.0,0.4304812834224599,0.5063971835385909
372,6.0,8.0,40.0,0.0,0.05202200695474396
373,6.0,8.0,82.0,0.0,0.05778277756255526
374,6.0,8.0,83.0,0.1736111111111111,0.14182495449467866
375,6.0,8.0,73.0,0.4304812834224599,0.49888365535086227
376,6.0,8.0,52.0,0.3128491620111732,0.1795935701320704
377,6.0,8.0,36.0,0.09900990099009901,0.21603904510211847
378,6.0,8.0,4.0,0.09745762711864407,0.021655374710965694
379,6.0,8.0,43.0,0.03773584905660377,0.16581344447927204
380,6.0,8.0,96.0,0.16273584905660377,0.15152802413448835
381,6.0,8.0,51.0,0.4304812834224599,0.5375318941676815
382,6.0,8.0,10.0,0.0,0.021043157528102537
383,6.0,8.0,32.0,0.023148148148148147,0.2352014473538369
384,6.0,8.0,12.0,0.04716981132075472,0.10096134431548387
385,6.0,8.0,35.0,0.0,0.000858000858000858
386,6.0,8.0,54.0,0.030612244897959183,0.11756872708632812
387,6.0,8.0,8.0,0.4304812834224599,0.8327713001652952
388,6.0,8.0,19.0,0.8609625668449198,0.6863515610383553
389,6.0,8.0,18.0,0.4304812834224599,0.5665934995538985
390,6.0,8.0,69.0,0.4304812834224599,0.540177785850237
391,6.0,8.0,94.0,0.4304812834224599,0.5051396329003508
392,7.0,12.0,59.0,0.0,0.09252873563218392
393,7.0,12.0,23.0,0.01098901098901099,0.17111916013590694
394,7.0,12.0,58.0,0.17032967032967034,0.14290825281172528
395,7.0,12.0,13.0,0.4,0.6448598130841121
396,7.0,12.0,80.0,0.4444444444444444,0.2074327316604588
397,7.0,12.0,98.0,0.14248251748251747,0.0828883733356909
398,7.0,12.0,62.0,0.01098901098901099,0.16133841414564984
399,7.0,12.0,84.0,0.23714285714285716,0.13693059713793965
400,7.0,12.0,55.0,0.17647058823529413,0.15274170274170273
401,7.0,12.0,75.0,0.32558139534883723,0.2903444433678991
402,7.0,12.0,57.0,0.2222222222222222,0.1270289249694284
403,7.0,12.0,16.0,0.2699355618203786,0.18912541580666037
404,7.0,12.0,53.0,0.012422360248447204,0.21536154461068557
405,7.0,12.0,77.0,0.012422360248447204,0.21536154461068557
406,7.0,12.0,39.0,0.012422360248447204,0.23650084993965334
407,7.0,12.0,99.0,0.5,0.5445205479452054
408,7.0,12.0,17.0,0.29545454545454547,0.39239014410247286
409,7.0,12.0,28.0,0.22448979591836735,0.17715882235651245
410,7.0,12.0,31.0,0.21890547263681592,0.13198578139345368
411,7.0,12.0,88.0,0.24519230769230768,0.20389057544434555
412,7.0,12.0,78.0,0.1459227467811159,0.1268427828139248
413,7.0,12.0,38.0,0.23878020713463752,0.34437799040055134
414,7.0,12.0,15.0,0.18681318681318682,0.2396952763407399
415,7.0,12.0,34.0,0.17391304347826086,0.1782429174980818
416,7.0,12.0,86.0,0.17391304347826086,0.1782429174980818
417,7.0,12.0,67.0,0.07202011239278319,0.15686625471912552
418,7.0,12.0,87.0,0.05405405405405406,0.11346422114497032
419,7.0,12.0,50.0,0.049638605442176874,0.16162648675211075
420,7.0,12.0,37.0,0.0,0.21600835916128014
421,7.0,12.0,11.0,0.125,0.17449015845316043
422,7.0,12.0,68.0,0.0,0.24713894100635703
423,7.0,12.0,65.0,0.2918454935622318,0.23931972789115646
424,7.0,12.0,47.0,0.1794871794871795,0.5093457943925234
425,7.0,12.0,97.0,0.18438428524265435,0.1537516595742104
426,7.0,12.0,3.0,0.2918454935622318,0.1900846792493341
427,7.0,12.0,64.0,0.23959899749373434,0.18779423647912202
428,7.0,12.0,40.0,0.0,0.06843575418994413
429,7.0,12.0,82.0,0.2222222222222222,0.08320364173994241
430,7.0,12.0,83.0,0.30526315789473685,0.14236962646722195
431,7.0,12.0,73.0,0.20389376127386952,0.154606100504718
432,7.0,12.0,52.0,0.2311111111111111,0.08414871073470313
433,7.0,12.0,36.0,0.3157894736842105,0.18807236243315928
434,7.0,12.0,4.0,0.19791666666666666,0.1127551791405649
435,7.0,12.0,43.0,0.4166666666666667,0.2165842469194865
436,7.0,12.0,96.0,0.1644518272425249,0.06926689083475579
437,7.0,12.0,51.0,0.3277409285992977,0.1351643464112704
438,7.0,12.0,10.0,0.08176100628930817,0.04201581528119892
439,7.0,12.0,32.0,0.3205128205128205,0.12591024717702146
440,7.0,12.0,12.0,1.0,0.8966420807453416
441,7.0,12.0,35.0,0.0,0.0003714710252600297
442,7.0,12.0,54.0,0.5,0.4076430257390131
443,7.0,12.0,8.0,0.1459227467811159,0.1511549733645896
444,7.0,12.0,19.0,0.2918454935622318,0.2772040508820304
445,7.0,12.0,18.0,0.36020846106683013,0.19702604715265226
446,7.0,12.0,69.0,0.2459227467811159,0.1458403883305071
447,7.0,12.0,94.0,0.568999669858039,0.29275510204081634
448,8.0,13.0,59.0,0.0,0.20362778041564705
449,8.0,13.0,23.0,0.0,0.1486462073481923
450,8.0,13.0,58.0,0.2727272727272727,0.1681862008337351
451,8.0,13.0,13.0,0.7931034482758621,0.4062966650074664
452,8.0,13.0,80.0,0.56,0.18823383913337574
453,8.0,13.0,98.0,0.5517241379310345,0.20397479692291137
454,8.0,13.0,62.0,0.0,0.17399970893430391
455,8.0,13.0,84.0,0.38461538461538464,0.1628857358653431
456,8.0,13.0,55.0,0.075,0.2948810351003638
457,8.0,13.0,75.0,0.3333333333333333,0.1638638107039594
458,8.0,13.0,57.0,0.2585034013605442,0.1176081081081081
459,8.0,13.0,16.0,0.5333333333333333,0.2081378776004955
460,8.0,13.0,53.0,0.0,0.14372654322267608
461,8.0,13.0,77.0,0.0,0.14372654322267608
462,8.0,13.0,39.0,0.0,0.23731365758168949
463,8.0,13.0,99.0,0.12244897959183673,0.38436359058290315
464,8.0,13.0,17.0,0.12244897959183673,0.2779806118594989
465,8.0,13.0,28.0,0.22857142857142856,0.16357518569825644
466,8.0,13.0,31.0,0.40625,0.19967933352027573
467,8.0,13.0,88.0,0.4174757281553398,0.15921088641143089
468,8.0,13.0,78.0,0.5818181818181818,0.08366549430717088
469,8.0,13.0,38.0,0.5970149253731343,0.3479701445943837
470,8.0,13.0,15.0,0.2077922077922078,0.21977000263068885
471,8.0,13.0,34.0,0.043478260869565216,0.12310590276664807
472,8.0,13.0,86.0,0.043478260869565216,0.12310590276664807
473,8.0,13.0,67.0,0.047619047619047616,0.133686622875231
474,8.0,13.0,87.0,0.0,0.13468988085793507
475,8.0,13.0,50.0,0.09090909090909091,0.15392815662850506
476,8.0,13.0,37.0,0.0,0.16721156197868225
477,8.0,13.0,11.0,0.05128205128205128,0.10588967301426162
478,8.0,13.0,68.0,0.0,0.16721156197868225
479,8.0,13.0,65.0,0.21875,0.11377603693647119
480,8.0,13.0,47.0,0.6274509803921569,0.3294143744454303
481,8.0,13.0,97.0,0.4897959183673469,0.09755922295099953
482,8.0,13.0,3.0,0.21875,0.12010001243610136
483,8.0,13.0,64.0,0.23529411764705882,0.11698841698841698
484,8.0,13.0,40.0,0.0,0.022381537298625218
485,8.0,13.0,82.0,0.0975609756097561,0.04342177998894416
486,8.0,13.0,83.0,0.6352941176470588,0.06136173810299869
487,8.0,13.0,73.0,0.391304347826087,0.13423657423657423
488,8.0,13.0,52.0,0.30833333333333335,0.09693877551020408
489,8.0,13.0,36.0,0.09523809523809523,0.07316587526573826
490,8.0,13.0,4.0,0.288135593220339,0.11542689478469295
491,8.0,13.0,43.0,0.3191489361702128,0.24861816289503663
492,8.0,13.0,96.0,0.0784313725490196,0.08740858404836899
493,8.0,13.0,51.0,0.582089552238806,0.09093192269031444
494,8.0,13.0,10.0,0.0,0.01615791615791616
495,8.0,13.0,32.0,0.2549019607843137,0.24063693290299115
496,8.0,13.0,12.0,0.2978723404255319,0.298150406504065
497,8.0,13.0,35.0,0.0,0.0019157088122605363
498,8.0,13.0,54.0,0.15384615384615385,0.39904861700181293
499,8.0,13.0,8.0,0.21875,0.12874340180875754
500,8.0,13.0,19.0,0.21875,0.11914593558890905
501,8.0,13.0,18.0,0.2549019607843137,0.2135263929618768
502,8.0,13.0,69.0,0.21875,0.09105790263811976
503,8.0,13.0,94.0,0.40816326530612246,0.17071283570168724
504,9.0,15.0,59.0,0.0,0.0965199723452656
505,9.0,15.0,23.0,0.0,0.5742746491307229
506,9.0,15.0,58.0,0.5,0.11294719468949847
507,9.0,15.0,13.0,0.3058823529411765,0.13936201827966077
508,9.0,15.0,80.0,0.33766233766233766,0.13522237038199075
509,9.0,15.0,98.0,0.23205741626794257,0.09259794286117978
510,9.0,15.0,62.0,0.0,0.39044913979138823
511,9.0,15.0,84.0,0.4097938144329897,0.12497709711193689
512,9.0,15.0,55.0,0.0,0.21451868210424194
513,9.0,15.0,75.0,0.5901639344262295,0.730773142574661
514,9.0,15.0,57.0,0.22988505747126436,0.3363114320229009
515,9.0,15.0,16.0,0.3366013071895425,0.45700815061049593
516,9.0,15.0,53.0,0.0,0.7748091338204395
517,9.0,15.0,77.0,0.0,0.7748091338204395
518,9.0,15.0,39.0,0.0,0.6402265244782148
519,9.0,15.0,99.0,0.13636363636363635,0.15363543607488245
520,9.0,15.0,17.0,0.11423444976076555,0.3659997390896498
521,9.0,15.0,28.0,0.32592592592592595,0.25343541373303125
522,9.0,15.0,31.0,0.3956043956043956,0.26283198068476016
523,9.0,15.0,88.0,0.4307692307692308,0.4730146172865982
524,9.0,15.0,78.0,0.23806451612903226,0.41347557109943195
525,9.0,15.0,38.0,0.6835106382978724,0.5757637878258347
526,9.0,15.0,15.0,0.8333333333333334,0.8425842808279151
527,9.0,15.0,34.0,0.5365853658536586,0.6759194607372481
528,9.0,15.0,86.0,0.5365853658536586,0.6759194607372481
529,9.0,15.0,67.0,0.03888299752562743,0.3650260807329886
530,9.0,15.0,87.0,0.1111111111111111,0.33938361989550625
531,9.0,15.0,50.0,0.021942317963325617,0.2752445333790067
532,9.0,15.0,37.0,0.2222222222222222,0.6672515518164918
533,9.0,15.0,11.0,0.030303030303030304,0.17990799479698927
534,9.0,15.0,68.0,0.2222222222222222,0.5383432221131861
535,9.0,15.0,65.0,0.11612903225806452,0.7621951410541683
536,9.0,15.0,47.0,0.21739130434782608,0.11077967347215037
537,9.0,15.0,97.0,0.21715542521994136,0.4692302690478449
538,9.0,15.0,3.0,0.11612903225806452,0.6389785304270399
539,9.0,15.0,64.0,0.27056451612903226,0.43419971824494974
540,9.0,15.0,40.0,0.0,0.033381229001428384
541,9.0,15.0,82.0,0.058823529411764705,0.0390816312249678
542,9.0,15.0,83.0,0.42857142857142855,0.1451758229306352
543,9.0,15.0,73.0,0.42259342761494845,0.4965316491956784
544,9.0,15.0,52.0,0.2653061224489796,0.15378642734697995
545,9.0,15.0,36.0,0.16216216216216217,0.21511046878717488
546,9.0,15.0,4.0,0.1631326949384405,0.05243210903843464
547,9.0,15.0,43.0,0.1891891891891892,0.2047752564771344
548,9.0,15.0,96.0,0.05616554054054054,0.12184967574712596
549,9.0,15.0,51.0,0.32944127313613564,0.4254252799230658
550,9.0,15.0,10.0,0.0,0.015242855444057526
551,9.0,15.0,32.0,0.10526315789473684,0.16466450194778515
552,9.0,15.0,12.0,0.21621621621621623,0.1828225490477146
553,9.0,15.0,35.0,0.0,0.002351373221000524
554,9.0,15.0,54.0,0.06060606060606061,0.23178896337828714
555,9.0,15.0,8.0,0.05806451612903226,0.4160743972121522
556,9.0,15.0,19.0,0.11612903225806452,0.6094930912985171
557,9.0,15.0,18.0,0.11694809255784866,0.45089422133655943
558,9.0,15.0,69.0,0.08438030560271648,0.39340196637849556
559,9.0,15.0,94.0,0.1844244758237056,0.43091641110679435
560,10.0,28.0,59.0,0.0,0.17096194765752423
561,10.0,28.0,23.0,0.0,0.28158471231586957
562,10.0,28.0,58.0,0.3712121212121212,0.19792864090547352
563,10.0,28.0,13.0,0.19469026548672566,0.12121395320718216
564,10.0,28.0,80.0,0.18095238095238095,0.11487988926594035
565,10.0,28.0,98.0,0.23943661971830985,0.11208632938670962
566,10.0,28.0,62.0,0.0,0.2747409312045381
567,10.0,28.0,84.0,0.475,0.3369911874241138
568,10.0,28.0,55.0,0.06315789473684211,0.17087402766252957
569,10.0,28.0,75.0,0.4132231404958678,0.2650516935894294
570,10.0,28.0,57.0,0.16831683168316833,0.17268171321096112
571,10.0,28.0,16.0,0.25384615384615383,0.2625046686040251
572,10.0,28.0,53.0,0.0,0.2800979527867568
573,10.0,28.0,77.0,0.0,0.2800979527867568
574,10.0,28.0,39.0,0.0,0.2800979527867568
575,10.0,28.0,99.0,0.22115384615384615,0.22600995142755598
576,10.0,28.0,17.0,0.2403846153846154,0.32270478515255935
577,10.0,28.0,28.0,0.6923076923076923,0.30713811373489486
578,10.0,28.0,31.0,0.33774834437086093,0.23094005859963307
579,10.0,28.0,88.0,0.3037974683544304,0.27787929433962977
580,10.0,28.0,78.0,0.273224043715847,0.2205855886660466
581,10.0,28.0,38.0,0.319672131147541,0.27426506068191714
582,10.0,28.0,15.0,0.3333333333333333,0.264578440803931
583,10.0,28.0,34.0,0.15841584158415842,0.2660089021132483
584,10.0,28.0,86.0,0.15841584158415842,0.2660089021132483
585,10.0,28.0,67.0,0.1188118811881188,0.32243223448361946
586,10.0,28.0,87.0,0.08333333333333333,0.26015089291259225
587,10.0,28.0,50.0,0.12727272727272726,0.3266365809496095
588,10.0,28.0,37.0,0.08333333333333333,0.31029928078026026
589,10.0,28.0,11.0,0.02127659574468085,0.2989656548492572
590,10.0,28.0,68.0,0.08333333333333333,0.31186218242208963
591,10.0,28.0,65.0,0.273224043715847,0.26518758858965275
592,10.0,28.0,47.0,0.16037735849056603,0.11261844183190034
593,10.0,28.0,97.0,0.273224043715847,0.24969923576341987
594,10.0,28.0,3.0,0.273224043715847,0.2602011243789767
595,10.0,28.0,64.0,0.273224043715847,0.2643948358917658
596,10.0,28.0,40.0,0.0,0.1596600914474786
597,10.0,28.0,82.0,0.125,0.2611078803168181
598,10.0,28.0,83.0,0.22857142857142856,0.0954318548871478
599,10.0,28.0,73.0,0.2925170068027211,0.2508613139869784
600,10.0,28.0,52.0,0.26857142857142857,0.1626360338573156
601,10.0,28.0,36.0,0.061855670103092786,0.24255660556949366
602,10.0,28.0,4.0,0.30701754385964913,0.09434347917493985
603,10.0,28.0,43.0,0.10784313725490197,0.18125943448326642
604,10.0,28.0,96.0,0.24519230769230768,0.1942151031002039
605,10.0,28.0,51.0,0.28688524590163933,0.23097560324731656
606,10.0,28.0,10.0,0.009174311926605505,0.07842246587603491
607,10.0,28.0,32.0,0.15384615384615385,0.16691950848955803
608,10.0,28.0,12.0,0.13725490196078433,0.23123605100238712
609,10.0,28.0,35.0,0.0,0.0
610,10.0,28.0,54.0,0.031914893617021274,0.18310184282054284
611,10.0,28.0,8.0,0.273224043715847,0.2719823131974402
612,10.0,28.0,19.0,0.273224043715847,0.25516176035083943
613,10.0,28.0,18.0,0.273224043715847,0.24059056074007257
614,10.0,28.0,69.0,0.273224043715847,0.2703808470043486
615,10.0,28.0,94.0,0.273224043715847,0.24516418593335487
616,11.0,88.0,59.0,0.0,0.13963261141563393
617,11.0,88.0,23.0,0.0,0.49875976096344254
618,11.0,88.0,58.0,0.29411764705882354,0.11458885296202631
619,11.0,88.0,13.0,0.30120481927710846,0.1087454817949396
620,11.0,88.0,80.0,0.37333333333333335,0.14017077114168938
621,11.0,88.0,98.0,0.2236842105263158,0.09511829111539802
622,11.0,88.0,62.0,0.0,0.5238504135778461
623,11.0,88.0,84.0,0.3320160366552119,0.10276047580871572
624,11.0,88.0,55.0,0.12307692307692308,0.18507118122354752
625,11.0,88.0,75.0,0.21978021978021978,0.4844004734745966
626,11.0,88.0,57.0,0.5057471264367817,0.4421372845831393
627,11.0,88.0,16.0,0.7613274336283186,0.44614532946081564
628,11.0,88.0,53.0,0.0,0.6845693767198091
629,11.0,88.0,77.0,0.0,0.6845693767198091
630,11.0,88.0,39.0,0.0,0.5578628615719623
631,11.0,88.0,99.0,0.013513513513513514,0.07870495590872291
632,11.0,88.0,17.0,0.01333570412517781,0.3977205981593579
633,11.0,88.0,28.0,0.23030303030303031,0.20257681461148247
634,11.0,88.0,31.0,0.8099173553719008,0.3955541793491218
635,11.0,88.0,88.0,0.9538461538461539,0.7022535662906335
636,11.0,88.0,78.0,0.16149193548387097,0.31421116539380545
637,11.0,88.0,38.0,0.325,0.36903648548154067
638,11.0,88.0,15.0,0.23529411764705882,0.4989636679124002
639,11.0,88.0,34.0,0.028169014084507043,0.4686309924239942
640,11.0,88.0,86.0,0.028169014084507043,0.4686309924239942
641,11.0,88.0,67.0,0.02177468820282151,0.46638820027409206
642,11.0,88.0,87.0,0.0,0.2933640953592608
643,11.0,88.0,50.0,0.024667159763313608,0.3904100317745274
644,11.0,88.0,37.0,0.0,0.5593091280435554
645,11.0,88.0,11.0,0.03125,0.1955370119641379
646,11.0,88.0,68.0,0.0,0.48927989556984874
647,11.0,88.0,65.0,0.1568627450980392,0.6254925078020134
648,11.0,88.0,47.0,0.17105263157894737,0.08608228317272053
649,11.0,88.0,97.0,0.1507997936016512,0.3712594482300643
650,11.0,88.0,3.0,0.1568627450980392,0.5368049174725915
651,11.0,88.0,64.0,0.19501466275659823,0.33507826700281984
652,11.0,88.0,40.0,0.0,0.043102934960754284
653,11.0,88.0,82.0,0.09090909090909091,0.04861817455355042
654,11.0,88.0,83.0,0.5545454545454546,0.12413139480412964
655,11.0,88.0,73.0,0.19594706368899917,0.33902136982063574
656,11.0,88.0,52.0,0.31724137931034485,0.1761409563300441
657,11.0,88.0,36.0,0.0,0.1781670998860038
658,11.0,88.0,4.0,0.07738095238095238,0.03395309788035779
659,11.0,88.0,43.0,0.3055555555555556,0.16996785071834022
660,11.0,88.0,96.0,0.02247191011235955,0.11848845268737765
661,11.0,88.0,51.0,0.2960028050490884,0.33225833447028547
662,11.0,88.0,10.0,0.0,0.016801289776752527
663,11.0,88.0,32.0,0.2894736842105263,0.37626570955290634
664,11.0,88.0,12.0,0.16666666666666666,0.11311302349201319
665,11.0,88.0,35.0,0.0,0.001232079829186457
666,11.0,88.0,54.0,0.0625,0.1391676250718804
667,11.0,88.0,8.0,0.0784313725490196,0.4147073843054292
668,11.0,88.0,19.0,0.1568627450980392,0.4701728365971761
669,11.0,88.0,18.0,0.26511035653650256,0.47010680667602617
670,11.0,88.0,69.0,0.09985994397759104,0.3405172922095879
671,11.0,88.0,94.0,0.16233653007846557,0.3530410583376675
672,12.0,80.0,59.0,0.0,0.09785215086154958
673,12.0,80.0,23.0,0.0,0.045325861470154785
674,12.0,80.0,58.0,0.3492063492063492,0.16312563516260162
675,12.0,80.0,13.0,0.4090909090909091,0.33725980521189786
676,12.0,80.0,80.0,0.5555555555555556,0.5279693312766536
677,12.0,80.0,98.0,0.3698630136986301,0.20584147977765
678,12.0,80.0,62.0,0.0,0.0628415616951014
679,12.0,80.0,84.0,0.45098039215686275,0.17341494609903163
680,12.0,80.0,55.0,0.0,0.15403454756287738
681,12.0,80.0,75.0,0.5,0.1510761189929991
682,12.0,80.0,57.0,0.15789473684210525,0.04963603718962254
683,12.0,80.0,16.0,0.4262295081967213,0.1826715811039259
684,12.0,80.0,53.0,0.0,0.042388607010677315
685,12.0,80.0,77.0,0.0,0.042388607010677315
686,12.0,80.0,39.0,0.0,0.17473847345989926
687,12.0,80.0,99.0,0.2,0.2700884696936463
688,12.0,80.0,17.0,0.2,0.22474566816527775
689,12.0,80.0,28.0,0.23809523809523808,0.10410326010022365
690,12.0,80.0,31.0,0.34146341463414637,0.11949882445043988
691,12.0,80.0,88.0,0.29213483146067415,0.04847780003957366
692,12.0,80.0,78.0,0.2682926829268293,0.022655695824466526
693,12.0,80.0,38.0,0.5641025641025641,0.280990618214593
694,12.0,80.0,15.0,0.38095238095238093,0.07522233799846745
695,12.0,80.0,34.0,0.3125,0.0317314249291481
696,12.0,80.0,86.0,0.3125,0.0317314249291481
697,12.0,80.0,67.0,0.09375,0.040385596160501275
698,12.0,80.0,87.0,0.07407407407407407,0.04979330691050242
699,12.0,80.0,50.0,0.04878048780487805,0.06457550080599574
700,12.0,80.0,37.0,0.07407407407407407,0.055162269696255525
701,12.0,80.0,11.0,0.0,0.029198426358495205
702,12.0,80.0,68.0,0.07407407407407407,0.16972201812392848
703,12.0,80.0,65.0,0.14035087719298245,0.028131397148309503
704,12.0,80.0,47.0,0.3783783783783784,0.2934415145368492
705,12.0,80.0,97.0,0.4,0.027638480168895863
706,12.0,80.0,3.0,0.14035087719298245,0.030846052839697404
707,12.0,80.0,64.0,0.22535211267605634,0.1749192431663696
708,12.0,80.0,40.0,0.0,0.012222222222222223
709,12.0,80.0,82.0,0.07407407407407407,0.04763986013986014
710,12.0,80.0,83.0,0.2676056338028169,0.014713465905663352
711,12.0,80.0,73.0,0.23076923076923078,0.08372905832739452
712,12.0,80.0,52.0,0.19811320754716982,0.05363984674329502
713,12.0,80.0,36.0,0.21428571428571427,0.016180786149265436
714,12.0,80.0,4.0,0.37777777777777777,0.3229405346426623
715,12.0,80.0,43.0,0.24242424242424243,0.07944996180290298
716,12.0,80.0,96.0,0.1079136690647482,0.16780114994400708
717,12.0,80.0,51.0,0.41509433962264153,0.023174892455552834
718,12.0,80.0,10.0,0.025,0.015590608950843727
719,12.0,80.0,32.0,0.2857142857142857,0.15700050906339036
720,12.0,80.0,12.0,0.36363636363636365,0.29060279020794944
721,12.0,80.0,35.0,0.0,0.0
722,12.0,80.0,54.0,0.16,0.2544047619047619
723,12.0,80.0,8.0,0.14035087719298245,0.04231151731544997
724,12.0,80.0,19.0,0.14035087719298245,0.16731441896618732
725,12.0,80.0,18.0,0.16216216216216217,0.15378196053046214
726,12.0,80.0,69.0,0.14035087719298245,0.03225915465119367
727,12.0,80.0,94.0,0.4,0.33123482344249244
728,13.0,99.0,59.0,0.0,0.07191011235955057
729,13.0,99.0,23.0,0.0,0.04800573466122127
730,13.0,99.0,58.0,0.07142857142857142,0.2186322550905884
731,13.0,99.0,13.0,0.16216216216216217,0.37990282168364364
732,13.0,99.0,80.0,0.10344827586206896,0.22180777939511565
733,13.0,99.0,98.0,0.1717171717171717,0.09225785221496005
734,13.0,99.0,62.0,0.0,0.06040781140155969
735,13.0,99.0,84.0,0.3004434589800443,0.21199440525949148
736,13.0,99.0,55.0,0.05263157894736842,0.14998810845092753
737,13.0,99.0,75.0,0.2,0.12627747602638392
738,13.0,99.0,57.0,0.007936507936507936,0.04482379549284099
739,13.0,99.0,16.0,0.08333333333333333,0.07060421893414368
740,13.0,99.0,53.0,0.0,0.060971177764019543
741,13.0,99.0,77.0,0.0,0.060971177764019543
742,13.0,99.0,39.0,0.0,0.10054194642831059
743,13.0,99.0,99.0,1.0,1.0
744,13.0,99.0,17.0,0.8,0.513121546961326
745,13.0,99.0,28.0,0.226890756302521,0.1101500181728028
746,13.0,99.0,31.0,0.013333333333333334,0.12930344949868405
747,13.0,99.0,88.0,0.10975609756097561,0.0572246940840255
748,13.0,99.0,78.0,0.06595974119338605,0.02547869023474835
749,13.0,99.0,38.0,0.1793478260869565,0.1589146557828477
750,13.0,99.0,15.0,0.125,0.0920805576262429
751,13.0,99.0,34.0,0.23529411764705882,0.03842295897206847
752,13.0,99.0,86.0,0.23529411764705882,0.03842295897206847
753,13.0,99.0,67.0,0.11764705882352941,0.07006694339686727
754,13.0,99.0,87.0,0.0,0.044698345605801285
755,13.0,99.0,50.0,0.0706663196251952,0.07182750554879799
756,13.0,99.0,37.0,0.0,0.08715577044355687
757,13.0,99.0,11.0,0.0,0.07188023373797386
758,13.0,99.0,68.0,0.0,0.17512828769621278
759,13.0,99.0,65.0,0.09345794392523364,0.04401993355481727
760,13.0,99.0,47.0,0.13636363636363635,0.4188034188034188
761,13.0,99.0,97.0,0.12172897196261681,0.03148015378025327
762,13.0,99.0,3.0,0.09345794392523364,0.03689075712105322
763,13.0,99.0,64.0,0.08244325767690253,0.18392270270826078
764,13.0,99.0,40.0,0.0,0.027272727272727275
765,13.0,99.0,82.0,0.0,0.052338911131642886
766,13.0,99.0,83.0,0.046875,0.020362597864163064
767,13.0,99.0,73.0,0.08641151164515651,0.06687017495638041
768,13.0,99.0,52.0,0.12121212121212122,0.05576441102756892
769,13.0,99.0,36.0,0.46153846153846156,0.025827212673829196
770,13.0,99.0,4.0,0.37631578947368427,0.22874258260136748
771,13.0,99.0,43.0,0.038461538461538464,0.11505733944954129
772,13.0,99.0,96.0,0.1856060606060606,0.049138492735956066
773,13.0,99.0,51.0,0.10638998682476944,0.030160535514587153
774,13.0,99.0,10.0,0.0,0.0067753737747865755
775,13.0,99.0,32.0,0.16071428571428573,0.10776574008125198
776,13.0,99.0,12.0,0.5,0.38632708214801526
777,13.0,99.0,35.0,0.0,0.0
778,13.0,99.0,54.0,0.2777777777777778,0.4006966499334085
779,13.0,99.0,8.0,0.04672897196261682,0.04160896499662364
780,13.0,99.0,19.0,0.09345794392523364,0.16754956126096848
781,13.0,99.0,18.0,0.04672897196261682,0.07459434641543017
782,13.0,99.0,69.0,0.11815754339118825,0.036814192779277014
783,13.0,99.0,94.0,0.2624458874458875,0.18867663344407531
784,14.0,50.0,59.0,0.0,0.13878231649132544
785,14.0,50.0,23.0,0.0,0.41057739836199436
786,14.0,50.0,58.0,0.10714285714285714,0.14027934673368425
787,14.0,50.0,13.0,0.3783783783783784,0.07295356608114523
788,14.0,50.0,80.0,0.4827586206896552,0.20700873850726867
789,14.0,50.0,98.0,0.09090909090909091,0.1146872934770994
790,14.0,50.0,62.0,0.0,0.5496866149601848
791,14.0,50.0,84.0,0.19642857142857142,0.13113746309864438
792,14.0,50.0,55.0,0.10526315789473684,0.14149134419551934
793,14.0,50.0,75.0,0.17777777777777778,0.33071847710638985
794,14.0,50.0,57.0,0.11904761904761904,0.3439819587628866
795,14.0,50.0,16.0,0.15113500597371565,0.289152475233049
796,14.0,50.0,53.0,0.0,0.5240104737672446
797,14.0,50.0,77.0,0.0,0.5240104737672446
798,14.0,50.0,39.0,0.0,0.43235392361102687
799,14.0,50.0,99.0,0.14285714285714285,0.11413307377914812
800,14.0,50.0,17.0,0.08928571428571427,0.3626675798043375
801,14.0,50.0,28.0,0.1564625850340136,0.24784964294105769
802,14.0,50.0,31.0,0.18666666666666668,0.29238827385939536
803,14.0,50.0,88.0,0.17073170731707318,0.5728233714611217
804,14.0,50.0,78.0,0.07407407407407407,0.23453910219460103
805,14.0,50.0,38.0,0.15217391304347827,0.24852358254919016
806,14.0,50.0,15.0,0.0,0.3479685708631209
807,14.0,50.0,34.0,0.0,0.31825156775977403
808,14.0,50.0,86.0,0.0,0.31825156775977403
809,14.0,50.0,67.0,0.17969451931716082,0.626488988023292
810,14.0,50.0,87.0,0.18181818181818182,0.32185148896119314
811,14.0,50.0,50.0,0.6082949308755761,0.8147006432143169
812,14.0,50.0,37.0,0.0,0.499128072614487
813,14.0,50.0,11.0,0.1111111111111111,0.2603691788778638
814,14.0,50.0,68.0,0.0,0.48338167896754713
815,14.0,50.0,65.0,0.14814814814814814,0.4091985188144038
816,14.0,50.0,47.0,0.13333333333333333,0.05305696154538819
817,14.0,50.0,97.0,0.07407407407407407,0.3904593417629026
818,14.0,50.0,3.0,0.14814814814814814,0.39588289641527935
819,14.0,50.0,64.0,0.15219907407407407,0.24824348060939894
820,14.0,50.0,40.0,0.0,0.09628139811563333
821,14.0,50.0,82.0,0.2,0.10709656543899179
822,14.0,50.0,83.0,0.1875,0.11687566070663338
823,14.0,50.0,73.0,0.10224308815858112,0.22462280439515703
824,14.0,50.0,52.0,0.16535433070866143,0.183135259422419
825,14.0,50.0,36.0,0.0,0.20241779316142783
826,14.0,50.0,4.0,0.09848484848484848,0.032685629535501845
827,14.0,50.0,43.0,0.46153846153846156,0.17217244125846276
828,14.0,50.0,96.0,0.1125,0.13753705672238248
829,14.0,50.0,51.0,0.20450885668276972,0.2660958747559462
830,14.0,50.0,10.0,0.0,0.03838749540170598
831,14.0,50.0,32.0,0.20892857142857144,0.1972436233204427
832,14.0,50.0,12.0,0.46153846153846156,0.12792037158712247
833,14.0,50.0,35.0,0.0,0.001996882914474966
834,14.0,50.0,54.0,0.2222222222222222,0.15220211319175647
835,14.0,50.0,8.0,0.07407407407407407,0.47522309557631376
836,14.0,50.0,19.0,0.14814814814814814,0.3027293863886221
837,14.0,50.0,18.0,0.2740740740740741,0.2917234298450777
838,14.0,50.0,69.0,0.11952861952861953,0.28508174846256773
839,14.0,50.0,94.0,0.32407407407407407,0.22463670540101804
840,15.0,97.0,59.0,0.0,0.0943733534060971
841,15.0,97.0,23.0,0.0,0.5691319727065675
842,15.0,97.0,58.0,0.23214285714285715,0.09292415504279558
843,15.0,97.0,13.0,0.5405405405405406,0.03641003958278023
844,15.0,97.0,80.0,0.3448275862068966,0.07824732363411967
845,15.0,97.0,98.0,0.15666979069040926,0.07874663955742787
846,15.0,97.0,62.0,0.0,0.39003590187725706
847,15.0,97.0,84.0,0.2714940098661029,0.07785785283041585
848,15.0,97.0,55.0,0.05263157894736842,0.10819939452193447
849,15.0,97.0,75.0,0.2222222222222222,0.6689061620849531
850,15.0,97.0,57.0,0.35436893203883496,0.3254936737311895
851,15.0,97.0,16.0,0.16628352490421455,0.4237786014670673
852,15.0,97.0,53.0,0.0,0.753907417533496
853,15.0,97.0,77.0,0.0,0.753907417533496
854,15.0,97.0,39.0,0.0,0.5966694999516846
855,15.0,97.0,99.0,0.1388888888888889,0.052998310810810814
856,15.0,97.0,17.0,0.12301587301587302,0.3171162212739139
857,15.0,97.0,28.0,0.22110552763819097,0.24516462583159981
858,15.0,97.0,31.0,0.17333333333333334,0.2454836802685046
859,15.0,97.0,88.0,0.15853658536585366,0.5536115381951637
860,15.0,97.0,78.0,0.7245989304812834,0.5610757505579782
861,15.0,97.0,38.0,0.2509920634920635,0.466810086145138
862,15.0,97.0,15.0,0.25,0.6977166799064267
863,15.0,97.0,34.0,0.08,0.6643769519236353
864,15.0,97.0,86.0,0.08,0.6643769519236353
865,15.0,97.0,67.0,0.02857142857142857,0.503727116029086
866,15.0,97.0,87.0,0.049019607843137254,0.40016030972317035
867,15.0,97.0,50.0,0.16125256072578287,0.45775172160018734
868,15.0,97.0,37.0,0.01,0.6503806256697227
869,15.0,97.0,11.0,0.0,0.17796574046574046
870,15.0,97.0,68.0,0.01,0.6328340403061293
871,15.0,97.0,65.0,0.8609625668449198,0.9069861083148782
872,15.0,97.0,47.0,0.6666666666666666,0.025976814083297554
873,15.0,97.0,97.0,0.9304812834224598,0.9345684608456579
874,15.0,97.0,3.0,0.8609625668449198,0.9448958567353056
875,15.0,97.0,64.0,0.5242312834224598,0.47128888170547456
876,15.0,97.0,40.0,0.0,0.03641457815568558
877,15.0,97.0,82.0,0.0,0.04207294180745508
878,15.0,97.0,83.0,0.3125,0.15971119844182785
879,15.0,97.0,73.0,0.5854108608872486,0.4759236053827306
880,15.0,97.0,52.0,0.3128491620111732,0.1498807361864294
881,15.0,97.0,36.0,0.09900990099009901,0.2249558960125158
882,15.0,97.0,4.0,0.13668098818474758,0.017274845832328814
883,15.0,97.0,43.0,0.038461538461538464,0.1519394325323259
884,15.0,97.0,96.0,0.16273584905660377,0.11733487701930241
885,15.0,97.0,51.0,0.5717856312485469,0.5982235228756058
886,15.0,97.0,10.0,0.0,0.015281280177255226
887,15.0,97.0,32.0,0.049350649350649346,0.19727045476399277
888,15.0,97.0,12.0,0.07692307692307693,0.08985545836138181
889,15.0,97.0,35.0,0.0,0.000758150113722517
890,15.0,97.0,54.0,0.1111111111111111,0.09513590191526142
891,15.0,97.0,8.0,0.4304812834224599,0.7882271436241213
892,15.0,97.0,19.0,0.8609625668449198,0.7299717302185085
893,15.0,97.0,18.0,0.44714795008912656,0.5661193314791173
894,15.0,97.0,69.0,0.4304812834224599,0.49759898804831926
895,15.0,97.0,94.0,0.4661955691367456,0.4702168963529794
896,16.0,52.0,59.0,0.0,0.12468898218134675
897,16.0,52.0,23.0,0.0,0.27229602230008093
898,16.0,52.0,58.0,0.11949685534591195,0.15194642918625778
899,16.0,52.0,13.0,0.15,0.07693602693602694
900,16.0,52.0,80.0,0.14393939393939395,0.09574931291858602
901,16.0,52.0,98.0,0.07988165680473373,0.06939646124959496
902,16.0,52.0,62.0,0.0,0.26821869987990615
903,16.0,52.0,84.0,0.14802631578947367,0.25705206457911867
904,16.0,52.0,55.0,0.0,0.12838784575943854
905,16.0,52.0,75.0,0.12162162162162163,0.27302266074606973
906,16.0,52.0,57.0,0.2663755458515284,0.19634997554794825
907,16.0,52.0,16.0,0.08917197452229299,0.20543023366996488
908,16.0,52.0,53.0,0.0,0.35312163322776724
909,16.0,52.0,77.0,0.0,0.35312163322776724
910,16.0,52.0,39.0,0.0,0.2924690759441975
911,16.0,52.0,99.0,0.17557251908396945,0.10991604571968036
912,16.0,52.0,17.0,0.08778625954198473,0.2331404249980108
913,16.0,52.0,28.0,0.2972972972972973,0.22322498551269848
914,16.0,52.0,31.0,0.12359550561797752,0.17232204675534246
915,16.0,52.0,88.0,0.15675675675675677,0.31696852209232695
916,16.0,52.0,78.0,0.16904761904761906,0.1761998640244795
917,16.0,52.0,38.0,0.07718120805369127,0.19995431957973914
918,16.0,52.0,15.0,0.07547169811320754,0.2730553170617432
919,16.0,52.0,34.0,0.046875,0.25256538739708845
920,16.0,52.0,86.0,0.046875,0.25256538739708845
921,16.0,52.0,67.0,0.0703125,0.33919304526915384
922,16.0,52.0,87.0,0.008,0.2587705034989378
923,16.0,52.0,50.0,0.19866071428571427,0.30409785472129025
924,16.0,52.0,37.0,0.0,0.3743245920862882
925,16.0,52.0,11.0,0.01652892561983471,0.8247589583229377
926,16.0,52.0,68.0,0.0,0.3366838143200846
927,16.0,52.0,65.0,0.3380952380952381,0.3228362465816419
928,16.0,52.0,47.0,0.07518796992481203,0.06322751322751322
929,16.0,52.0,97.0,0.16904761904761906,0.25791091198327737
930,16.0,52.0,3.0,0.3380952380952381,0.29664773200366384
931,16.0,52.0,64.0,0.16904761904761906,0.2225216440221799
932,16.0,52.0,40.0,0.0,0.20529317921859008
933,16.0,52.0,82.0,0.032520325203252036,0.23255997474747475
934,16.0,52.0,83.0,0.1377245508982036,0.33591529450234625
935,16.0,52.0,73.0,0.16904761904761906,0.4279770893651344
936,16.0,52.0,52.0,0.4207920792079208,0.6920138888888889
937,16.0,52.0,36.0,0.04838709677419355,0.39453913834910725
938,16.0,52.0,4.0,0.12411347517730496,0.2898835710944597
939,16.0,52.0,43.0,0.08527131782945736,0.4077027200941324
940,16.0,52.0,96.0,0.24680851063829787,0.4027924884914924
941,16.0,52.0,51.0,0.16904761904761906,0.330965664003139
942,16.0,52.0,10.0,0.2442372881355932,0.3100790036931341
943,16.0,52.0,32.0,0.04961832061068702,0.14130090616768914
944,16.0,52.0,12.0,0.12403100775193798,0.13987193191789934
945,16.0,52.0,35.0,0.008403361344537815,0.5006934812760055
946,16.0,52.0,54.0,0.03305785123966942,0.1519404711508076
947,16.0,52.0,8.0,0.2523809523809524,0.28281730950286854
948,16.0,52.0,19.0,0.3380952380952381,0.24208487426532416
949,16.0,52.0,18.0,0.16904761904761906,0.19169310994462635
950,16.0,52.0,69.0,0.16904761904761906,0.28591888063555443
951,16.0,52.0,94.0,0.16904761904761906,0.18327221224321563
952,17.0,54.0,59.0,0.0,0.1880998523440384
953,17.0,54.0,23.0,0.0,0.41778432643361557
954,17.0,54.0,58.0,0.10714285714285714,0.19465329070664755
955,17.0,54.0,13.0,0.4864864864864865,0.3017384535547483
956,17.0,54.0,80.0,0.4827586206896552,0.25933069970087136
957,17.0,54.0,98.0,0.24242424242424243,0.20679764889323712
958,17.0,54.0,62.0,0.0,0.3373555807398048
959,17.0,54.0,84.0,0.2727272727272727,0.19286288059152584
960,17.0,54.0,55.0,0.15789473684210525,0.2952865953714706
961,17.0,54.0,75.0,0.4,0.520182424505203
962,17.0,54.0,57.0,0.09523809523809523,0.29741182040558667
963,17.0,54.0,16.0,0.37037037037037035,0.43262209856835054
964,17.0,54.0,53.0,0.0,0.4126884963377855
965,17.0,54.0,77.0,0.0,0.4126884963377855
966,17.0,54.0,39.0,0.0,0.5609924312088845
967,17.0,54.0,99.0,0.4642857142857143,0.3474439094355086
968,17.0,54.0,17.0,0.4642857142857143,0.3957603290997357
969,17.0,54.0,28.0,0.18487394957983194,0.26576261480359253
970,17.0,54.0,31.0,0.16,0.2557619799920252
971,17.0,54.0,88.0,0.24390243902439024,0.3238663281342449
972,17.0,54.0,78.0,0.037383177570093455,0.2910181255158687
973,17.0,54.0,38.0,0.391304347826087,0.5292516364753918
974,17.0,54.0,15.0,0.10714285714285714,0.5013581130403232
975,17.0,54.0,34.0,0.16,0.4384072153401316
976,17.0,54.0,86.0,0.16,0.4384072153401316
977,17.0,54.0,67.0,0.12,0.2594657954181403
978,17.0,54.0,87.0,0.0,0.22945768421925822
979,17.0,54.0,50.0,0.029411764705882353,0.2515142667165292
980,17.0,54.0,37.0,0.0,0.3756512254022683
981,17.0,54.0,11.0,0.1111111111111111,0.12116732004337308
982,17.0,54.0,68.0,0.0,0.4092024365029809
983,17.0,54.0,65.0,0.037383177570093455,0.49707093978751854
984,17.0,54.0,47.0,0.2,0.22811895551257255
985,17.0,54.0,97.0,0.07142857142857142,0.31240072396484336
986,17.0,54.0,3.0,0.037383177570093455,0.5328334471986393
987,17.0,54.0,64.0,0.09375,0.3768863965507999
988,17.0,54.0,40.0,0.0,0.0200663415145794
989,17.0,54.0,82.0,0.2,0.052321428571428574
990,17.0,54.0,83.0,0.171875,0.1235112807921945
991,17.0,54.0,73.0,0.11267605633802817,0.3285059826225638
992,17.0,54.0,52.0,0.12121212121212122,0.14268692284778076
993,17.0,54.0,36.0,0.2857142857142857,0.17299964560618267
994,17.0,54.0,4.0,0.3157894736842105,0.16042195383546332
995,17.0,54.0,43.0,0.38461538461538464,0.22175536881419233
996,17.0,54.0,96.0,0.125,0.1070780588083527
997,17.0,54.0,51.0,0.391304347826087,0.2960466636953762
998,17.0,54.0,10.0,0.0,0.026485568760611203
999,17.0,54.0,32.0,0.5714285714285714,0.31899499589161145
1000,17.0,54.0,12.0,0.8461538461538461,0.3723707077865388
1001,17.0,54.0,35.0,0.0,0.0003790750568612585
1002,17.0,54.0,54.0,0.3333333333333333,0.8029197080291971
1003,17.0,54.0,8.0,0.037383177570093455,0.3292145355672167
1004,17.0,54.0,19.0,0.037383177570093455,0.5057439160359599
1005,17.0,54.0,18.0,0.4,0.49676137883367943
1006,17.0,54.0,69.0,0.18181818181818182,0.2914716874246262
1007,17.0,54.0,94.0,0.9285714285714286,0.5711297137962758
1008,18.0,96.0,59.0,0.0,0.07566750021155443
1009,18.0,96.0,23.0,0.25,0.47372712614472695
1010,18.0,96.0,58.0,0.12142857142857143,0.09443781745503026
1011,18.0,96.0,13.0,0.13026819923371646,0.047518765638031694
1012,18.0,96.0,80.0,0.11067193675889328,0.15140258270548476
1013,18.0,96.0,98.0,0.16206896551724137,0.14184207869374896
1014,18.0,96.0,62.0,0.25,0.3180323253441606
1015,18.0,96.0,84.0,0.0914179104477612,0.08710238618207797
1016,18.0,96.0,55.0,0.03292181069958848,0.09868438115987135
1017,18.0,96.0,75.0,0.09293680297397769,0.4375342039848514
1018,18.0,96.0,57.0,0.5685714285714286,0.2997908461829428
1019,18.0,96.0,16.0,0.17650663206459052,0.2778758966725292
1020,18.0,96.0,53.0,0.16216216216216217,0.5651006404217095
1021,18.0,96.0,77.0,0.16216216216216217,0.5651006404217095
1022,18.0,96.0,39.0,0.16216216216216217,0.4705982778626455
1023,18.0,96.0,99.0,0.05952380952380952,0.05514144201862895
1024,18.0,96.0,17.0,0.02976190476190476,0.21923367339202368
1025,18.0,96.0,28.0,0.18658892128279883,0.1861930990748482
1026,18.0,96.0,31.0,0.33444816053511706,0.2181576714739457
1027,18.0,96.0,88.0,0.39215686274509803,0.3816812294180963
1028,18.0,96.0,78.0,0.21450151057401812,0.24993677471295603
1029,18.0,96.0,38.0,0.0962962962962963,0.2570735312913822
1030,18.0,96.0,15.0,0.18928571428571428,0.4300625307711603
1031,18.0,96.0,34.0,0.020080321285140562,0.45834699758016856
1032,18.0,96.0,86.0,0.020080321285140562,0.45834699758016856
1033,18.0,96.0,67.0,0.01606425702811245,0.2914911431585982
1034,18.0,96.0,87.0,0.0040650406504065045,0.25508724209604383
1035,18.0,96.0,50.0,0.09758454106280194,0.20125194769329244
1036,18.0,96.0,37.0,0.004098360655737705,0.5315159082500925
1037,18.0,96.0,11.0,0.008264462809917356,0.19971437960931382
1038,18.0,96.0,68.0,0.004098360655737705,0.4018046532794099
1039,18.0,96.0,65.0,0.42900302114803623,0.6224847093657939
1040,18.0,96.0,47.0,0.08661417322834646,0.04769692923898532
1041,18.0,96.0,97.0,0.21450151057401812,0.32161166439690164
1042,18.0,96.0,3.0,0.42900302114803623,0.528515056317292
1043,18.0,96.0,64.0,0.21450151057401812,0.35157000373807773
1044,18.0,96.0,40.0,0.0,0.06976220635997431
1045,18.0,96.0,82.0,0.01639344262295082,0.07747779786424838
1046,18.0,96.0,83.0,0.2708333333333333,0.32768101738205185
1047,18.0,96.0,73.0,0.23174288988436295,0.5654440353551659
1048,18.0,96.0,52.0,0.30959752321981426,0.6369047619047619
1049,18.0,96.0,36.0,0.0163265306122449,0.3887407344036057
1050,18.0,96.0,4.0,0.2534351145038168,0.39315170301085794
1051,18.0,96.0,43.0,0.088,0.37563960654567863
1052,18.0,96.0,96.0,0.5145131086142322,0.6886664729150311
1053,18.0,96.0,51.0,0.21450151057401812,0.39794489977397235
1054,18.0,96.0,10.0,0.5175097276264592,0.28027969500657385
1055,18.0,96.0,32.0,0.06997136721546171,0.13130897317141974
1056,18.0,96.0,12.0,0.064,0.08861300319962298
1057,18.0,96.0,35.0,0.6666666666666666,0.5
1058,18.0,96.0,54.0,0.024793388429752067,0.08967092717133557
1059,18.0,96.0,8.0,0.21450151057401812,0.41922474666356235
1060,18.0,96.0,19.0,0.42900302114803623,0.4677772856121657
1061,18.0,96.0,18.0,0.23533484390735146,0.25212738429058607
1062,18.0,96.0,69.0,0.21450151057401812,0.2839346643461046
1063,18.0,96.0,94.0,0.21450151057401812,0.2615928898685672
1064,19.0,84.0,59.0,0.0,0.0516191676879045
1065,19.0,84.0,23.0,0.0,0.17516190039858925
1066,19.0,84.0,58.0,0.4444444444444444,0.179891969248041
1067,19.0,84.0,13.0,0.3584905660377358,0.16396128629409928
1068,19.0,84.0,80.0,0.4222222222222222,0.11571058548379808
1069,19.0,84.0,98.0,0.24198606271777004,0.05309898714161956
1070,19.0,84.0,62.0,0.0,0.14141174197925632
1071,19.0,84.0,84.0,0.7009803921568627,0.3384217514896146
1072,19.0,84.0,55.0,0.0,0.12192784474125448
1073,19.0,84.0,75.0,0.47540983606557374,0.23619708507328258
1074,19.0,84.0,57.0,0.176056338028169,0.11225856698309317
1075,19.0,84.0,16.0,0.3273607748184019,0.1312157631602472
1076,19.0,84.0,53.0,0.0,0.23060365633937527
1077,19.0,84.0,77.0,0.0,0.23060365633937527
1078,19.0,84.0,39.0,0.0,0.21704155653834947
1079,19.0,84.0,99.0,0.45454545454545453,0.32936990788997855
1080,19.0,84.0,17.0,0.3507295173961841,0.2726642316703231
1081,19.0,84.0,28.0,0.4418604651162791,0.25518031916197925
1082,19.0,84.0,31.0,0.34065934065934067,0.16286162936609716
1083,19.0,84.0,88.0,0.41836734693877553,0.1994780592026561
1084,19.0,84.0,78.0,0.26937500000000003,0.15334297491270843
1085,19.0,84.0,38.0,0.44696394686907026,0.19128530620792966
1086,19.0,84.0,15.0,0.47706422018348627,0.22213298969379147
1087,19.0,84.0,34.0,0.1794871794871795,0.2116709495732784
1088,19.0,84.0,86.0,0.1794871794871795,0.2116709495732784
1089,19.0,84.0,67.0,0.10395010395010396,0.14203152312589987
1090,19.0,84.0,87.0,0.0410958904109589,0.11589265419119547
1091,19.0,84.0,50.0,0.11695612047990603,0.139957040764581
1092,19.0,84.0,37.0,0.0821917808219178,0.22629776089399922
1093,19.0,84.0,11.0,0.058823529411764705,0.1395528940638098
1094,19.0,84.0,68.0,0.0821917808219178,0.32679460673827576
1095,19.0,84.0,65.0,0.21951219512195122,0.28426202047445165
1096,19.0,84.0,47.0,0.32608695652173914,0.20587795296076594
1097,19.0,84.0,97.0,0.26846590909090906,0.15881313368475403
1098,19.0,84.0,3.0,0.21951219512195122,0.2326954058248783
1099,19.0,84.0,64.0,0.309375,0.2526573260266995
1100,19.0,84.0,40.0,0.0,0.04561031716527053
1101,19.0,84.0,82.0,0.1111111111111111,0.05694149434355139
1102,19.0,84.0,83.0,0.2875,0.11903191059094452
1103,19.0,84.0,73.0,0.32776580459770116,0.2015904696966853
1104,19.0,84.0,52.0,0.3739130434782609,0.08138594498062868
1105,19.0,84.0,36.0,0.16216216216216217,0.1891740487030564
1106,19.0,84.0,4.0,0.3615023474178404,0.1768480011300553
1107,19.0,84.0,43.0,0.16666666666666666,0.11246955846263795
1108,19.0,84.0,96.0,0.16638513513513514,0.06079054323168366
1109,19.0,84.0,51.0,0.3432459677419355,0.15726154974157353
1110,19.0,84.0,10.0,0.0,0.01695178882509933
1111,19.0,84.0,32.0,0.18784227820372398,0.09414636982548696
1112,19.0,84.0,12.0,0.2857142857142857,0.21066439135381115
1113,19.0,84.0,35.0,0.0,0.00034419762238873145
1114,19.0,84.0,54.0,0.11764705882352941,0.17320434059527826
1115,19.0,84.0,8.0,0.10975609756097561,0.1575823425537523
1116,19.0,84.0,19.0,0.21951219512195122,0.29115309120913113
1117,19.0,84.0,18.0,0.11578019394651778,0.1923412573320435
1118,19.0,84.0,69.0,0.12308943089430895,0.15562021887031935
1119,19.0,84.0,94.0,0.2571022727272727,0.20405761574181297
